epoch,time,train/box_loss,train/cls_loss,train/dfl_loss,metrics/precision(B),metrics/recall(B),metrics/mAP50(B),metrics/mAP50-95(B),val/box_loss,val/cls_loss,val/dfl_loss,lr/pg0,lr/pg1,lr/pg2
1,50.1823,0.53777,21.4149,0.21377,3e-05,0.17857,1e-05,0,0.80764,21.0637,0.25801,0.000665145,0.000665145,0.000665145
2,97.7661,0.63538,10.1458,0.241,0.0286,0.10714,0.00968,0.00196,0.82164,9.91761,0.26701,0.0013282,0.0013282,0.0013282
3,145.716,0.67076,4.37372,0.25361,0.08556,0.03571,0.0099,0.00195,0.72388,11.3761,0.26402,0.00197686,0.00197686,0.00197686
4,192.367,0.72481,1.92119,0.25036,0.00099,0.35714,0.00448,0.00094,0.77758,2.26378,0.24782,0.00195155,0.00195155,0.00195155
5,239.517,0.64266,1.15103,0.23693,0.00077,0.03571,0.00024,5e-05,0.69492,1.40587,0.25044,0.00191441,0.00191441,0.00191441
6,287.049,0.65003,0.93279,0.2339,0.03185,0.10714,0.01256,0.00293,0.75368,1.22124,0.26165,0.00186737,0.00186737,0.00186737
7,334.82,0.691,0.86085,0.24957,0.01753,0.03571,0.00459,0.00084,0.78093,1.33188,0.25755,0.00181093,0.00181093,0.00181093
8,381.539,0.7482,0.85584,0.26788,0.01348,0.35714,0.00639,0.00131,0.79255,1.21092,0.26217,0.00174571,0.00174571,0.00174571
9,428.777,0.62892,0.7882,0.22841,0.03614,0.21429,0.02465,0.01037,0.72076,1.11011,0.2529,0.00167244,0.00167244,0.00167244
10,475.813,0.6726,0.81855,0.24478,0.02221,0.07143,0.01635,0.00413,0.78126,1.1409,0.24906,0.00159191,0.00159191,0.00159191
11,522.757,0.59932,0.65756,0.22568,0.00899,0.5,0.01696,0.0044,0.75164,1.04431,0.25023,0.001505,0.001505,0.001505
12,569.368,0.63494,0.68015,0.23503,0.0567,0.32143,0.0257,0.0069,0.6443,1.03211,0.23771,0.00141267,0.00141267,0.00141267
13,628.427,0.63588,0.63405,0.24327,0.04173,0.03571,0.04853,0.01858,0.59464,0.99732,0.2322,0.00131593,0.00131593,0.00131593
14,728.73,0.49964,0.52511,0.18534,0.07489,0.10714,0.04722,0.01575,0.66447,1.03559,0.25498,0.00121583,0.00121583,0.00121583
15,820.192,0.56892,0.57274,0.22095,0.01721,0.39286,0.01544,0.00466,0.68615,1.10435,0.25011,0.00111348,0.00111348,0.00111348
16,897.101,0.69052,0.73967,0.25938,0.08719,0.10714,0.06478,0.02506,0.69173,1.02955,0.24407,0.00101,0.00101,0.00101
17,988.573,0.66192,0.63907,0.2441,0.23118,0.10714,0.06053,0.01842,0.80326,1.09023,0.25262,0.000906517,0.000906517,0.000906517
18,1054.56,0.58651,0.62776,0.22899,0.07612,0.10714,0.01255,0.00337,0.70996,1.27265,0.24943,0.000804167,0.000804167,0.000804167
19,1160.27,0.51948,0.5243,0.21978,0.03321,0.07143,0.03853,0.01207,0.68055,1.09945,0.24418,0.000704073,0.000704073,0.000704073
20,1214.9,0.4859,0.55384,0.2126,0.19133,0.10714,0.06789,0.01669,0.74053,1.17627,0.25112,0.000607331,0.000607331,0.000607331
21,1262.08,0.54848,0.58744,0.22638,0.30083,0.10714,0.12864,0.03565,0.73791,1.10707,0.24972,0.000515,0.000515,0.000515
22,1308.51,0.5471,0.57026,0.22904,0.28308,0.10714,0.09748,0.03496,0.68479,1.06222,0.2454,0.000428093,0.000428093,0.000428093
23,1352.61,0.31255,0.36444,0.14824,0.14356,0.10714,0.12343,0.04165,0.71364,1.06348,0.2398,0.000347561,0.000347561,0.000347561
24,1408.14,0.31381,0.34344,0.15781,0.15093,0.14286,0.16063,0.05318,0.68765,1.08813,0.24346,0.000274287,0.000274287,0.000274287
25,1522.07,0.26991,0.3138,0.13812,0.18186,0.10714,0.17615,0.04472,0.68837,1.08823,0.2428,0.000209073,0.000209073,0.000209073
26,1579.51,0.2938,0.36934,0.15091,0.1609,0.25,0.16258,0.04645,0.6849,1.08058,0.23747,0.000152635,0.000152635,0.000152635
27,1684.96,0.27035,0.32068,0.13747,0.11355,0.10714,0.17375,0.0561,0.68045,1.06431,0.23979,0.00010559,0.00010559,0.00010559
28,1769.46,0.27417,0.32484,0.14043,0.10203,0.10714,0.18403,0.05673,0.68168,1.06333,0.23863,6.8454e-05,6.8454e-05,6.8454e-05
29,1835,0.28059,0.34535,0.14059,0.11572,0.10714,0.15746,0.04995,0.67798,1.04858,0.23702,4.16339e-05,4.16339e-05,4.16339e-05
30,1907.74,0.28351,0.323,0.14341,0.12258,0.10714,0.1785,0.05584,0.69028,1.06721,0.24186,2.54233e-05,2.54233e-05,2.54233e-05
